text,size
onlineshop,17538001
onlineshopping,3545428
onlineshopindo,1865753
onlineshopph,1688229
onlineshopindonesia,1106945
onlineshopmurah,922489
onlineshopjakarta,733506
onlineshopmalaysia,516325
onlineshopphilippines,321518
onlineshopid,302400
onlineshopjkt,300999
onlineshopsurabaya,298077
onlineshoppingmalaysia,281745
onlineshoppingph,280243
onlineshopmanila,241724
onlineshopbandung,232579
onlineshopmedan,127542
onlineshoptrusted,121602
onlineshops,117329
onlineshopterpercaya,114816
onlineshopper,110841
onlineshopsby,96557
onlineshopmalang,88156
onlineshopperph,87831
onlineshoping,80286
onlineshophk,75653
onlineshopcebu,72920
onlineshopbali,69795
onlineshopinstagram,69575
onlineshopjogja,68320
onlineshopmnl,61996
onlineshopsolo,56916
onlineshopsemarang,54886
onlineshop_indo,54261
onlineshoppers,44807
onlineshophijab,42494
onlineshopbatam,40746
onlineshopbaju,39454
onlineshoppingphilippines,39112
onlineshopind,38943
onlineshoptas,38915
onlineshoppping,38672
onlineshopsepatu,38363
onlineshoppe,38338
onlineshoppingmy,37284
onlineshoppalembang,36309
onlineshopdenpasar,35740
onlineshoppingmanila,35340
onlineshopsamarinda,34244
onlineshopsph,30166